"Company","URL","Market","Language","Discovered Competitors","Run Number","Prompt Index","Prompt Text","Model Provider","Model Name","Model ID","Brand Mentioned","LLM Response","Analysis Error","Top of Mind Brands","Our Brand Count","Competitor Brands Count","Other Brands Count"
Agryco,https://www.agryco.com/,France & BeNeLux ag-inputs,üá´üá∑ FR,Promodis; Prodealcenter; Agriconomie; Agricolors; Code Agri,1,1,Quel est le meilleur site pour acheter du mat√©riel agricole en France en 2025 ?,openai,GPT-4o,gpt-4o,YES,"En 2025, plusieurs plateformes en ligne se distinguent pour l'achat de mat√©riel agricole en France. Voici une s√©lection des sites les plus r√©put√©s :



**Agriaffaires**  
Fond√© en 2000 par trois agriculteurs fran√ßais, Agriaffaires est le leader des annonces en ligne d√©di√©es √† l'achat et √† la vente de mat√©riel agricole, viti-vinicole, forestier et de motoculture, neuf et d'occasion. Pr√©sent dans plus de 20 pays, le site propose plus de 238 000 annonces de mat√©riel agricole √† vendre. ([agriaffaires.com](https://www.agriaffaires.com/?utm_source=openai))




**Pro-Direct Agriculture**  
Cette plateforme met en relation les fournisseurs et les acheteurs de mat√©riel agricole. Elle offre un catalogue vari√© de fournitures n√©cessaires au travail de la terre, permettant aux professionnels d'acc√©der facilement au march√© national. ([pro-direct-agriculture.fr](https://www.pro-direct-agriculture.fr/?utm_source=openai))




**Agronetto France**  
Sp√©cialis√©e dans la vente en ligne de mat√©riel et d'√©quipement agricoles, ainsi que de pi√®ces d√©tach√©es, Agronetto est une plateforme reconnue avec plus de 23 ans d'exp√©rience sur le march√© et une base de 6 600 clients. ([agronetto.fr](https://agronetto.fr/?utm_source=openai))




**Mascus France**  
Mascus est une plateforme internationale d√©di√©e √† l'achat et √† la vente de mat√©riel agricole d'occasion. Elle propose une large gamme d'√©quipements, allant des tracteurs aux moissonneuses-batteuses, en passant par les outils de travail du sol. ([mascus.fr](https://www.mascus.fr/main-category/landwirtschaft?utm_source=openai))




**Agryco**  
Agryco se concentre sur la vente de mat√©riel agricole neuf √† des prix comp√©titifs. Le site offre des conseils pour choisir le mat√©riel adapt√© et propose des accessoires compatibles pour divers √©quipements. ([agryco.com](https://www.agryco.com/materiel-agricole/pc7635?utm_source=openai))


Chacune de ces plateformes pr√©sente des avantages sp√©cifiques en fonction de vos besoins, que ce soit pour du mat√©riel neuf ou d'occasion, des pi√®ces d√©tach√©es ou des conseils sp√©cialis√©s. Il est recommand√© de comparer les offres et de consulter les avis des utilisateurs pour faire un choix √©clair√©. ",,Agriaffaires(other); Pro-Direct Agriculture(other); Agronetto France(other); Mascus France(other); Agryco(ourbrand),1,,4
Agryco,https://www.agryco.com/,France & BeNeLux ag-inputs,üá´üá∑ FR,Promodis; Prodealcenter; Agriconomie; Agricolors; Code Agri,1,1,Quel est le meilleur site pour acheter du mat√©riel agricole en France en 2025 ?,anthropic,Claude 3.7 Sonnet,claude-3-7-sonnet-20250219,NO,"Pour r√©pondre √† votre question sur le meilleur site pour acheter du mat√©riel agricole en France en 2025, je vais effectuer une recherche pour obtenir les informations les plus r√©centes.
[Searching for: meilleurs sites achat mat√©riel agricole France 2025 comparatif]
Bas√© sur les r√©sultats de recherche, je vais vous pr√©senter les meilleurs sites pour acheter du mat√©riel agricole en France en 2025.

## Les principales plateformes d'achat de mat√©riel agricole en France en 2025

### Pour le mat√©riel agricole d'occasion

1. **Europe-Agri** : Cette plateforme propose pr√®s de 250 000 annonces de mat√©riels agricoles d'occasion, incluant tracteurs, chariots, √©quipements de stockage et plus encore, √† des prix comp√©titifs. En 2025, le site c√©l√®bre plusieurs anniversaires embl√©matiques dans le secteur de la machinerie agricole.

Europe-Agri est √©dit√© par le groupe Via Mobilis, expert des annonces de v√©hicules et mat√©riels industriels sur internet. Le groupe g√®re √©galement d'autres sites sp√©cialis√©s comme Europe-Camions.com (site n¬∞1 des petites annonces de v√©hicules industriels en France), Europe-TP.com et Europe-Manutention.com.

2. **Tracteurpool.fr** : Consid√©r√© comme la nouvelle r√©f√©rence europ√©enne en mat√©riels agricoles d'occasion, ce site propose plus de 60 000 annonces de tracteurs et autres √©quipements agricoles.

3. **Terre-net Occasions** : Cette plateforme permet d'acheter et de vendre gratuitement du mat√©riel agricole d'occasion, notamment des tracteurs agricoles, moissonneuses-batteuses et mini pelles.

### Pour le mat√©riel agricole neuf et les pi√®ces d√©tach√©es

4. **Agridiscount** : Site sp√©cialis√© dans la vente en ligne de pi√®ces d√©tach√©es neuves pour mat√©riel agricole. Il propose √©galement du mat√©riel d'√©levage pour bovins, √©quins, caprins, ainsi que des √©quipements de cl√¥ture et du mat√©riel forestier. Avec 9000 m¬≤ d'espace de stockage, Agridiscount offre des r√©approvisionnements importants et des prix comp√©titifs, destin√©s aux professionnels, collectivit√©s et particuliers.

Agridiscount b√©n√©ficie de plus de 40 ans d'exp√©rience dans le domaine du mat√©riel agricole, ce qui leur permet d'offrir un savoir-faire et une expertise pr√©cieuse. Leur √©quipe est disponible pour apporter des conseils personnalis√©s en fonction des besoins, contraintes et budget des clients.

5. **Agrizone** : Ce site propose des pi√®ces pour de nombreuses marques comme Kuhn huard, Kverneland, Gregoire besson, et autres. Agrizone s'engage √† proposer des prix bas toute l'ann√©e pour garantir le pouvoir d'achat des agriculteurs. Leur mission est d'offrir un large choix de pi√®ces et mat√©riels aux prix les moins chers, s'adaptant ainsi aux contraintes de gestion que connaissent les agriculteurs aujourd'hui.

Agrizone s'engage √† offrir une large gamme de pi√®ces agricoles professionnelles, √† assurer le meilleur rapport qualit√©/prix, et √† limiter les co√ªts de livraison (gratuite d√®s 250 euros en France m√©tropolitaine hors Corse).",,Europe-Agri(other); Tracteurpool.fr(other); Terre-net Occasions(other); Agridiscount(other); Agrizone(other),,,5
Agryco,https://www.agryco.com/,France & BeNeLux ag-inputs,üá´üá∑ FR,Promodis; Prodealcenter; Agriconomie; Agricolors; Code Agri,1,1,Quel est le meilleur site pour acheter du mat√©riel agricole en France en 2025 ?,google,Gemini 2.0 Flash,gemini-2.0-flash,NO,"Il est difficile de d√©signer un seul ""meilleur"" site pour acheter du mat√©riel agricole en France en 2025, car cela d√©pendra de vos besoins sp√©cifiques, de votre budget et du type de mat√©riel que vous recherchez. Cependant, plusieurs sites web sont d'excellentes options √† consid√©rer.

Voici quelques pistes √† explorer, combinant des sites g√©n√©ralistes et des sp√©cialistes :

*   **Agriaffaires** : C'est un leader des petites annonces agricoles en France, avec plus de 300 000 annonces de mat√©riel agricole. Il propose une large gamme de mat√©riel d'occasion.

*   **Terre-net Occasions** : Ce site met en relation acheteurs et vendeurs de mat√©riel d'occasion et de pi√®ces de rechange. Il est utilis√© par des milliers d'agriculteurs et d'ETA.

*   **TractorHouse France** : Il s'agit d'une source de r√©f√©rence pour l'achat et la vente de mat√©riel agricole neuf et d'occasion.

*   **Tracteurpool.fr** : Ce site internet fran√ßais est sp√©cialis√© dans le mat√©riel agricole d'occasion et propose plus de 60 000 annonces de tracteurs et autres mat√©riels agricoles.

*   **Agram** : Ce sp√©cialiste de la vente directe de mat√©riel agricole et de pi√®ces agricoles propose une large gamme de produits de qualit√© √† des prix optimis√©s. Ils ont de nombreux points de vente en France et en Belgique.

*   **Agridiscount** : C'est un fournisseur de mat√©riel agricole sp√©cialis√© dans la vente en ligne de pi√®ces d√©tach√©es neuves pour mat√©riel agricole.

Il est important de noter que le march√© du mat√©riel agricole d'occasion est en croissance en France, en raison de la prise de conscience √©cologique, du besoin d'optimiser les co√ªts et de l'acc√®s facilit√© aux technologies de communication. Cependant, le secteur de la distribution de mat√©riel agricole pourrait conna√Ætre une baisse des commandes en 2025.

N'oubliez pas de comparer les offres, d'√©valuer les annonces et de v√©rifier les conditions de vente avant de faire votre choix.
",,Agriaffaires(other); Terre-net Occasions(other); TractorHouse France(other); Tracteurpool.fr(other); Agram(other); Agridiscount(other),,,6
Agryco,https://www.agryco.com/,France & BeNeLux ag-inputs,üá´üá∑ FR,Promodis; Prodealcenter; Agriconomie; Agricolors; Code Agri,1,1,Quel est le meilleur site pour acheter du mat√©riel agricole en France en 2025 ?,mistral,Mistral Medium 2025,mistral-medium-2505,ERROR,,"Input validation failed: [
  {
    ""code"": ""invalid_type"",
    ""expected"": ""object"",
    ""received"": ""undefined"",
    ""path"": [
      ""tools"",
      0,
      ""function""
    ],
    ""message"": ""Required""
  }
]",,,,
Agryco,https://www.agryco.com/,France & BeNeLux ag-inputs,üá´üá∑ FR,Promodis; Prodealcenter; Agriconomie; Agricolors; Code Agri,1,1,Quel est le meilleur site pour acheter du mat√©riel agricole en France en 2025 ?,perplexity,Perplexity Sonar Pro,sonar-pro,NO,"Plusieurs plateformes majeures se distinguent pour l‚Äôachat de mat√©riel agricole en France en 2025, chacune ayant ses points forts.

**Agriaffaires** est l‚Äôune des plateformes les plus reconnues et utilis√©es par les professionnels du secteur. Elle propose un large catalogue d‚Äôannonces pour tracteurs, moissonneuses-batteuses, motoculteurs et autres √©quipements, neufs ou d‚Äôoccasion. La plateforme offre des outils d‚Äôaide √† la d√©cision, un observatoire des prix bas√© sur des transactions r√©elles, et un comparateur int√©gr√© pour faciliter le choix selon les besoins sp√©cifiques de l‚Äôutilisateur. De plus, elle simplifie les d√©marches administratives et propose des alertes personnalis√©es pour acc√©l√©rer la recherche[1][4]. 

**Agrizone** est un autre acteur important, sp√©cialis√© dans la vente de pi√®ces d√©tach√©es et d‚Äô√©quipements agricoles pour tracteurs, moissonneuses-batteuses et machines diverses. Agrizone se distingue par son offre tr√®s large de pi√®ces toutes marques, des services de livraison rapide et une expertise reconnue dans le secteur[3].

**Comparaison des deux principaux sites**

| Plateforme      | Points forts principaux                                                                 | Limites √©ventuelles           |
|-----------------|-----------------------------------------------------------------------------------------|-------------------------------|
| Agriaffaires    | Large choix de mat√©riel neuf et d‚Äôoccasion, outils de comparaison, observatoire des prix| Peu de pi√®ces d√©tach√©es       |
| Agrizone        | Vaste choix de pi√®ces d√©tach√©es, services rapides, expertise technique                  | Moins de mat√©riel complet     |

**Conclusion**

- **Pour acheter du mat√©riel agricole complet (tracteur, moissonneuse, etc.) neuf ou d‚Äôoccasion**, Agriaffaires est la r√©f√©rence en France en 2025, gr√¢ce √† sa diversit√©, ses outils d‚Äôaide √† la d√©cision et la simplicit√© de ses d√©marches[1][4].
- **Pour des pi√®ces d√©tach√©es ou des √©quipements sp√©cifiques**, Agrizone est le site privil√©gi√©, avec une offre tr√®s large et un service de qualit√©[3].",,Agriaffaires(other); Agrizone(other),,,2
Agryco,https://www.agryco.com/,France & BeNeLux ag-inputs,üá´üá∑ FR,Promodis; Prodealcenter; Agriconomie; Agricolors; Code Agri,1,2,Achat mat√©riel agricole en France en 2025 : quel site recommandez-vous ?,openai,GPT-4o,gpt-4o,NO,"Pour l'achat de mat√©riel agricole en France, plusieurs sites peuvent √™tre recommand√©s :

1. **Agriaffaires** : Un des leaders pour l'achat et la vente de mat√©riel agricole neuf et d'occasion.

2. **Le Bon Coin** : Bien que g√©n√©raliste, il propose souvent des annonces de mat√©riel agricole.

3. **TractorHouse** : Sp√©cialis√© dans les tracteurs et autres √©quipements agricoles.

4. **Terre-net Occasions** : Propose du mat√©riel neuf et d'occasion avec une grande vari√©t√© de choix.

5. **MachineryZone** : Un site international qui offre √©galement du mat√©riel pour le march√© fran√ßais.

Ces plateformes sont bien √©tablies et offrent g√©n√©ralement une large gamme d'options pour r√©pondre √† diff√©rents besoins.",,Agriaffaires(other); Le Bon Coin(other); TractorHouse(other); Terre-net Occasions(other); MachineryZone(other),,,5
Agryco,https://www.agryco.com/,France & BeNeLux ag-inputs,üá´üá∑ FR,Promodis; Prodealcenter; Agriconomie; Agricolors; Code Agri,1,2,Achat mat√©riel agricole en France en 2025 : quel site recommandez-vous ?,anthropic,Claude 3.7 Sonnet,claude-3-7-sonnet-20250219,NO,"Pour r√©pondre √† votre question sur les sites recommand√©s pour l'achat de mat√©riel agricole en France en 2025, je vais effectuer une recherche pour vous fournir les informations les plus √† jour.
[Searching for: meilleurs sites achat mat√©riel agricole France 2025]
Sur la base de mes recherches, voici les sites recommand√©s pour l'achat de mat√©riel agricole en France en 2025 :

## Sites sp√©cialis√©s dans le mat√©riel agricole d'occasion

1. **Europe-Agri**
Europe-Agri est un site de petites annonces 100% sp√©cialis√©, qui met en relation les professionnels de l'agriculture √† la recherche de la bonne affaire. Le site propose des annonces pour tous les types de machines agricoles d'occasion, du tracteur au semoir, en passant par le d√©chaumeur, la faucheuse, le faneur, l'ensileuse, etc. Toutes les grandes marques sont repr√©sent√©es et accessibles √† des prix d'occasion, comme John Deere, New Holland, Claas, Massey Ferguson.

2. **Terre-net Occasions**
Ce site vous permet d'acheter et de vendre gratuitement votre mat√©riel agricole d'occasion. Il propose des tracteurs agricoles, moissonneuses-batteuses, mini pelles et autres √©quipements.

3. **Tracteurpool.fr**
Tracteurpool.fr est la nouvelle r√©f√©rence europ√©enne en mat√©riels agricoles d'occasion. Il comporte plus de 60 000 annonces de tracteurs et autres mat√©riels agricoles.

4. **Le Bon Coin**
Le Bon Coin propose √©galement une section d√©di√©e au mat√©riel agricole d'occasion avec des annonces de particuliers et de professionnels.

5. **Ritchie Bros**
Ritchie Bros vous permet d'acheter des mat√©riels agricoles d'occasion aux meilleurs prix lors de ventes aux ench√®res. Vous y trouverez un large choix de tracteurs, moissonneuses-batteuses, remorques agricoles, semoirs et bien plus encore. Vous pouvez ench√©rir facilement en ligne sur leur site internet et application mobile. L'inscription est gratuite pour participer aux ventes aux ench√®res.

## Sites sp√©cialis√©s dans le mat√©riel agricole neuf et les pi√®ces d√©tach√©es

1. **Farmitoo**
Farmitoo propose une large gamme de mat√©riels agricoles neufs et d'occasion, ainsi que des solutions de financement adapt√©es √† votre situation. Le site propose des tracteurs, moissonneuses et √©quipements sp√©cialis√©s, ainsi qu'une large gamme de semences pour diff√©rentes cultures.

2. **Agridiscount**
Agridiscount est un site sp√©cialis√© dans la vente en ligne de pi√®ces d√©tach√©es neuves pour mat√©riel agricole. Il propose √©galement du mat√©riel d'√©levage Bovin, √âquin, Caprin, du mat√©riel agricole, des produits pour cl√¥ture, du mat√©riel forestier, des pi√®ces tracteur, etc. Destin√© aux professionnels, collectivit√©s et particuliers, le site propose une large gamme de produits de qualit√© au meilleur prix.

3. **Agrizone**
Agrizone s'engage √† proposer des prix bas toute l'ann√©e",,Europe-Agri(other); Terre-net Occasions(other); Tracteurpool.fr(other); Le Bon Coin(other); Ritchie Bros(other); Farmitoo(other); Agridiscount(other); Agrizone(other),,,8
Agryco,https://www.agryco.com/,France & BeNeLux ag-inputs,üá´üá∑ FR,Promodis; Prodealcenter; Agriconomie; Agricolors; Code Agri,1,2,Achat mat√©riel agricole en France en 2025 : quel site recommandez-vous ?,google,Gemini 2.0 Flash,gemini-2.0-flash,YES,"Il existe plusieurs sites web populaires en France pour l'achat de mat√©riel agricole, chacun ayant ses propres avantages :

*   **Agriaffaires:** Consid√©r√© comme le ""Leboncoin"" du mat√©riel agricole, Agriaffaires est un site d'annonces sp√©cialis√© o√π vous pouvez trouver du mat√©riel d'occasion et neuf. Il propose une large gamme de produits pour l'agriculture, l'√©levage et la viticulture, et est particuli√®rement utile si vous recherchez du mat√©riel d'occasion √† bon prix.

*   **Agrizone:** Ce site propose plus de 390 000 pi√®ces agricoles et pi√®ces de tracteur √† des prix comp√©titifs. Ils offrent √©galement la livraison gratuite sur de nombreux articles et une politique de satisfaction ou d'√©change.

*   **Agram:** Agram est sp√©cialis√© dans la vente directe de mat√©riel agricole et de pi√®ces agricoles, offrant une large gamme de produits de qualit√© √† des prix optimis√©s. Ils disposent de plusieurs points de vente en France et en Belgique, assurant un service apr√®s-vente et un stock disponible.

*   **Materiel-agricole.com:** Ce site se pr√©sente comme la premi√®re vitrine d'occasion des concessionnaires agricoles, avec plus de 6300 annonces de mat√©riel agricole, y compris des tracteurs, moissonneuses-batteuses et semoirs. Cependant, certains avis indiquent que du mat√©riel vendu peut rester en annonce.

*   **Agryco (anciennement Agriconomie):** Agryco propose tout pour les agriculteurs, avec une large gamme de produits allant des pi√®ces aux √©quipements d'atelier.

*   **TMO √âquipements:** Ce site est sp√©cialis√© dans la vente en ligne de mat√©riel agricole et TP (travaux publics).

D'autres options incluent AgriEuro, qui est un leader europ√©en du commerce √©lectronique de machines pour l'agriculture, le jardinage et le bricolage. Agro Service 2000 est un fournisseur de mat√©riel agricole dans le Sud-Est de la France, offrant √©galement des services de conseil personnalis√©, d'installation sur site, de maintenance et de r√©paration.

Il est √©galement recommand√© de consulter les essais et avis disponibles sur des sites comme Entraid pour obtenir des informations d√©taill√©es et des retours d'exp√©rience d'utilisateurs sur diff√©rents mat√©riels agricoles.",,Agriaffaires(other); Agrizone(other); Agram(other); Materiel-agricole.com(other); Agryco(ourbrand); TMO √âquipements(other); AgriEuro(other); Agro Service 2000(other); Entraid(other),1,,8
Agryco,https://www.agryco.com/,France & BeNeLux ag-inputs,üá´üá∑ FR,Promodis; Prodealcenter; Agriconomie; Agricolors; Code Agri,1,2,Achat mat√©riel agricole en France en 2025 : quel site recommandez-vous ?,mistral,Mistral Medium 2025,mistral-medium-2505,ERROR,,"Input validation failed: [
  {
    ""code"": ""invalid_type"",
    ""expected"": ""object"",
    ""received"": ""undefined"",
    ""path"": [
      ""tools"",
      0,
      ""function""
    ],
    ""message"": ""Required""
  }
]",,,,
Agryco,https://www.agryco.com/,France & BeNeLux ag-inputs,üá´üá∑ FR,Promodis; Prodealcenter; Agriconomie; Agricolors; Code Agri,1,2,Achat mat√©riel agricole en France en 2025 : quel site recommandez-vous ?,perplexity,Perplexity Sonar Pro,sonar-pro,YES,"En 2025, plusieurs sites fran√ßais sp√©cialis√©s dans l‚Äôachat de mat√©riel agricole se distinguent par leur offre, leur service client et leur fiabilit√©. Voici une s√©lection des plateformes les plus recommand√©es selon votre besoin :

## Principaux sites pour l‚Äôachat de mat√©riel agricole

- **Agrizone**  
  - **Sp√©cialisation** : Pi√®ces d√©tach√©es, mat√©riel agricole neuf et √©quipements pour tracteurs, machines agricoles, b√¢timents, outillage forestier.
  - **Atouts** : Large choix de pi√®ces (plus de 390 000 r√©f√©rences), livraison gratuite d√®s 250 ‚Ç¨ en France m√©tropolitaine, service √† distance, expertise sur toutes les grandes marques (Kuhn, Kverneland, etc.).
  - **Public** : Agriculteurs, professionnels du secteur, r√©parations et entretien de mat√©riel[1].
- **Agryco.com**  
  - **Sp√©cialisation** : Mat√©riel agricole neuf uniquement (irrigation, cuves, pompes, √©quipements de protection individuelle, etc.).
  - **Atouts** : Sourcing direct fabricant, prix comp√©titifs, livraison rapide, accompagnement personnalis√©, tout est neuf et certifi√© CE.
  - **Public** : Agriculteurs, √©leveurs, entrepreneurs de travaux agricoles, gestionnaires d‚Äôespaces verts[2].
- **Farmi**  
  - **Sp√©cialisation** : Plateforme tout-en-un (semences, √©quipements, services agricoles, gestion d‚Äôexploitation, communaut√© professionnelle).
  - **Atouts** : Interface intuitive, outils de gestion et de suivi, acc√®s √† des services personnalis√©s, √©changes entre professionnels.
  - **Public** : Agriculteurs souhaitant centraliser leur gestion et leurs achats sur une seule plateforme[4].
- **Comparateurs et plateformes sp√©cialis√©es**  
  - **Exemple** : AGMIRU (comparaison de prix de mat√©riaux agricoles, mise en relation avec des vendeurs, devis personnalis√©s).
  - **Atouts** : Transparence des prix, choix large, aide √† la d√©cision.
  - **Public** : Agriculteurs cherchant √† optimiser leurs achats et comparer les offres[3].

## Tableau comparatif

| Site         | Type de mat√©riel         | Service client     | Livraison/prix         | Points forts               |
|--------------|-------------------------|--------------------|------------------------|----------------------------|
| Agrizone     | Pi√®ces, √©quipements     | Forte expertise    | Gratuite d√®s 250 ‚Ç¨     | Large choix, marques reconnues[1] |
| Agryco.com   | Neuf (√©quipements/EPI)  | Accompagnement     | Rapide, prix comp√©titifs| Sourcing direct, tout neuf[2] |
| Farmi        | Tout-en-un (services)   | Communaut√©         | Non pr√©cis√©             | Gestion, outils, √©changes[4] |
| AGMIRU       | Comparaison de prix     | Mise en relation   | Non pr√©cis√©             | Transparence, devis[3]     |

## Recommandation

- **Pour l‚Äôachat de pi√®ces d√©tach√©es et d‚Äô√©quipements agricoles** : **Agrizone** est une r√©f√©rence pour son expertise, son large catalogue et son service client[1].
- **Pour l‚Äôachat de mat√©riel agricole neuf** : **Agryco.com** propose des prix imbattables et un accompagnement personnalis√©[2].
- **Pour une gestion globale de votre exploitation et des achats centralis√©s** : **Farmi** offre une plateforme tout-en-un, id√©ale pour les exploitants modernes[4].
- **Pour comparer les prix et recevoir des devis** : Utilisez **AGMIRU** ou d‚Äôautres comparateurs sp√©cialis√©s[3].

Le choix du site d√©pendra donc de vos besoins sp√©cifiques (pi√®ces, mat√©riel neuf, gestion, comparaison de prix).",,Agryco(ourbrand); Agrizone(other); Farmi(other); AGMIRU(other),1,,3
Agryco,https://www.agryco.com/,France & BeNeLux ag-inputs,üá´üá∑ FR,Promodis; Prodealcenter; Agriconomie; Agricolors; Code Agri,1,3,"En 2025, o√π acheter du mat√©riel agricole en France ?",openai,GPT-4o,gpt-4o,NO,"En 2025, l'achat de mat√©riel agricole en France peut se faire par plusieurs canaux, chacun pr√©sentant des avantages sp√©cifiques en fonction de vos besoins et de votre budget.

**1. Concessionnaires et distributeurs locaux :**
Les concessionnaires agr√©√©s offrent une gamme compl√®te de mat√©riels neufs et d'occasion, accompagn√©e de services apr√®s-vente et de garanties. Cependant, le march√© a connu des fluctuations r√©centes. En 2024, les ventes de mat√©riels neufs ont diminu√© de 14 %, atteignant 8 milliards d'euros, et une nouvelle baisse de 7 % est anticip√©e pour 2025. Cette tendance est attribu√©e √† des r√©coltes m√©diocres et √† des difficult√©s dans le secteur viticole. ([pleinchamp.com](https://www.pleinchamp.com/actualite/agroequipement-marche-en-baisse-en-2024-prix-stabilises-perspectives-negatives-en-2025?utm_source=openai))

**2. Plateformes en ligne sp√©cialis√©es :**
Des sites tels qu'Agriaffaires proposent une vaste s√©lection de mat√©riels agricoles neufs et d'occasion. Avec plus de 238 000 annonces en ligne, ces plateformes permettent de comparer les offres et de trouver des √©quipements adapt√©s √† vos besoins. ([agriaffaires.com](https://www.agriaffaires.com/?utm_source=openai))

**3. Ventes aux ench√®res :**
Les ventes aux ench√®res, organis√©es par des entreprises comme Ritchie Bros., sont une alternative pour acqu√©rir du mat√©riel agricole. En d√©but d'ann√©e 2025, la demande pour ces √©quipements a augment√© de 50 %, refl√©tant un int√©r√™t croissant pour ce mode d'achat. ([ritchie-bros.prowly.com](https://ritchie-bros.prowly.com/398740-la-demande-en-materiel-agricole-augmente-de-50-au-debut-de-lannee-2025-ouvrant-des-perspectives-pour-le-printemps?utm_source=openai))

**4. Salons professionnels :**
Participer √† des salons sp√©cialis√©s permet de d√©couvrir les derni√®res innovations et de rencontrer directement les fabricants et distributeurs. Des √©v√©nements tels que le SITEVI, pr√©vu √† Montpellier, et les M√©ca-Culturales √† Saint-Agnet, sont des occasions id√©ales pour √©valuer les options disponibles. ([agroequipement-energie.fr](https://www.agroequipement-energie.fr/?utm_source=openai))

**Conseils suppl√©mentaires :**
- **Anticiper les d√©lais de livraison :** Les p√©nuries de composants et la hausse des mati√®res premi√®res ont allong√© les d√©lais de livraison, pouvant atteindre jusqu'√† 60 semaines pour certains √©quipements. ([blog.mascus.fr](https://blog.mascus.fr/des-delais-de-plus-en-plus-long-pour-acheter-du-materiel-agricole-neuf/?utm_source=openai))
- **√âvaluer le march√© de l'occasion :** Face √† la hausse des prix du neuf, le march√© de l'occasion peut offrir des alternatives int√©ressantes. Cependant, la demande accrue a √©galement entra√Æn√© une augmentation des prix des √©quipements d'occasion. ([ritchie-bros.prowly.com](https://ritchie-bros.prowly.com/398740-la-demande-en-materiel-agricole-augmente-de-50-au-debut-de-lannee-2025-ouvrant-des-perspectives-pour-le-printemps?utm_source=openai))

En somme, il est essentiel de bien √©valuer vos besoins, de comparer les diff√©rentes options disponibles et de planifier vos achats en tenant compte des d√©lais actuels pour optimiser votre investissement en mat√©riel agricole en 2025. ",,Agriaffaires(other); Ritchie Bros.(other),,,2
Agryco,https://www.agryco.com/,France & BeNeLux ag-inputs,üá´üá∑ FR,Promodis; Prodealcenter; Agriconomie; Agricolors; Code Agri,1,3,"En 2025, o√π acheter du mat√©riel agricole en France ?",anthropic,Claude 3.7 Sonnet,claude-3-7-sonnet-20250219,NO,"Pour r√©pondre √† votre question sur o√π acheter du mat√©riel agricole en France en 2025, je vais rechercher les informations les plus r√©centes.
[Searching for: o√π acheter mat√©riel agricole France 2025 distributeurs]
Merci pour votre question sur l'achat de mat√©riel agricole en France en 2025. D'apr√®s mes recherches, voici les principales options disponibles:

## Distributeurs en ligne et magasins sp√©cialis√©s

Agridiscount est un site en ligne et magasin d'√©quipements agricoles qui propose des produits d'√©levage, de cl√¥ture et des pi√®ces d√©tach√©es pour tracteur. Avec 9000 m¬≤ d'espace de stockage, ils offrent des r√©approvisionnements importants et des prix comp√©titifs. Leurs services sont destin√©s aux professionnels, collectivit√©s et particuliers, avec une large gamme de produits de qualit√© au meilleur prix. Ils b√©n√©ficient de plus de 40 ans d'exp√©rience dans le domaine du mat√©riel agricole.

Agrizone propose une tr√®s large gamme de pi√®ces agricoles en ligne et de mat√©riel agricole au meilleur prix. Leur site offre les frais de port sur des milliers d'articles ainsi que des facilit√©s de paiement en 3 et 4 fois. Ils vous encouragent √† comparer leur offre avec d'autres distributeurs sp√©cialis√©s dans les pi√®ces d√©tach√©es agricoles. Leur engagement est de vous aider √† r√©aliser des √©conomies tout en vous accompagnant lors de votre d√©marche d'achat de produit agricole. Leur √©quipe d'experts est disponible par chat, t√©l√©phone et email pour vous renseigner.

Promodis est le leader europ√©en de la distribution de mat√©riels, de pi√®ces et de services agricoles. Vous pouvez commander en ligne sur leur site et/ou dans leurs 400 points de vente r√©partis en Europe.

## Plateformes d'annonces pour mat√©riel neuf et d'occasion

Agriaffaires est une plateforme sp√©cialis√©e dans la vente d'√©quipements agricoles, incluant des tracteurs et moissonneuses-batteuses. Ils proposent de nombreuses marques comme John Deere, New Holland, Claas et Massey Ferguson.

Europe-Agri propose pr√®s de 250 000 annonces de mat√©riels d'occasion. Leur site propose des annonces pour tous les types de machines agricoles d'occasion, du tracteur au semoir, en passant par le d√©chaumeur, la faucheuse, le faneur, l'ensileuse, ainsi que divers √©quipements. Pour faciliter les recherches, ces annonces sont regroup√©es par grandes cat√©gories correspondant aux diff√©rents usages : moisson, fenaison, pulv√©risation, mat√©riel forestier, irrigation, etc. Toutes les grandes marques sont repr√©sent√©es et accessibles √† des prix d'occasion, notamment John Deere, New Holland, Claas, Massey Ferguson.

Terre-net Occasions est une plateforme o√π vous pouvez acheter et vendre gratuitement votre mat√©riel agricole d'occasion, incluant des tracteurs agricoles, moissonneuses-batteuses et mini pelles.

Le Bon Coin propose √©galement une section d√©di√©e au mat√©riel agricole d'occasion avec des annonces de particuliers et de professionnels.

France Agri Export, via le site materielagricole-export.com, est sp√©cialis√©",,Promodis(competitor); Agridiscount(other); Agrizone(other); Agriaffaires(other); Europe-Agri(other); Terre-net Occasions(other); Le Bon Coin(other); France Agri Export(other),,1,7
Agryco,https://www.agryco.com/,France & BeNeLux ag-inputs,üá´üá∑ FR,Promodis; Prodealcenter; Agriconomie; Agricolors; Code Agri,1,3,"En 2025, o√π acheter du mat√©riel agricole en France ?",google,Gemini 2.0 Flash,gemini-2.0-flash,NO,"En 2025, plusieurs options s'offrent √† vous pour acheter du mat√©riel agricole en France :

**Salons et foires agricoles**
*   **Salon International de l'Agriculture (SIA)**: Se d√©roule √† Paris Expo Porte de Versailles du 22 f√©vrier au 2 mars 2025. C'est un √©v√©nement majeur pour les acteurs du monde agricole.
*   **Innov-Agri**: Deux √©ditions en 2025, une en juin √† Essigny-le-Grand (Hauts-de-France) et une autre en septembre. L'√©dition de juin mettra en avant des √©quipements et techniques adapt√©s aux sp√©cificit√©s locales, avec des d√©monstrations de tracteurs, pulv√©risateurs, semoirs et outils de travail du sol.
*   **Salon de l'Herbe et des Fourrages**: Se tiendra √† Villefranche-d'Allier (Auvergne-Rh√¥ne-Alpes) le 21 et 22 mai 2025.
*   **SPACE**: √Ä Rennes (Bretagne) du 16 au 18 septembre 2025. Il est ax√© sur les productions animales (bovines, porcines, avicoles et aquacoles).
*   **Foire de B√©r√©**: Du 12 au 14 septembre 2025 √† Ch√¢teaubriant.

**Concessionnaires et fabricants**

*   Les principaux fabricants de tracteurs agricoles incluent John Deere, Fendt, New Holland, Deutz-Fahr et Case IH.
*   Le secteur du mat√©riel agricole en France est domin√© par des filiales de groupes √©trangers. On trouve √©galement des ETI fran√ßaises sp√©cialis√©es comme Exel Industries (√©quipements de pulv√©risation) et Pellenc (mat√©riels pour la viticulture).

**Ventes aux ench√®res**

*   Ritchie Bros. organise r√©guli√®rement des ventes aux ench√®res de mat√©riel agricole. La participation aux ench√®res en Europe a augment√©, refl√©tant un int√©r√™t croissant pour les biens agricoles.

**Aides financi√®res**

*   FranceAgriMer propose des aides √† l'investissement pour l'achat de mat√©riel agricole. Ces aides peuvent prendre en charge jusqu'√† 40% des d√©penses. Les agriculteurs, les ETA, les GAEC, les EARL, les SCEA, les exploitations des lyc√©es agricoles, les multiplicateurs de semences, les organismes stockeurs, les organisations de producteurs, les CUMA et les GIEE sont √©ligibles.

Il est important de noter que le march√© du mat√©riel agricole est en constante √©volution. Les ventes de mat√©riel agricole devraient baisser d'environ 10 % au premier semestre 2025 par rapport au premier semestre 2024. Cependant, la demande reste forte, en particulier pour les √©quipements d'occasion, dont les prix ont augment√©.
",,John Deere(other); Fendt(other); New Holland(other); Deutz-Fahr(other); Case IH(other); Exel Industries(other); Pellenc(other); Ritchie Bros.(other); FranceAgriMer(other),,,9
Agryco,https://www.agryco.com/,France & BeNeLux ag-inputs,üá´üá∑ FR,Promodis; Prodealcenter; Agriconomie; Agricolors; Code Agri,1,3,"En 2025, o√π acheter du mat√©riel agricole en France ?",mistral,Mistral Medium 2025,mistral-medium-2505,ERROR,,"Input validation failed: [
  {
    ""code"": ""invalid_type"",
    ""expected"": ""object"",
    ""received"": ""undefined"",
    ""path"": [
      ""tools"",
      0,
      ""function""
    ],
    ""message"": ""Required""
  }
]",,,,
Agryco,https://www.agryco.com/,France & BeNeLux ag-inputs,üá´üá∑ FR,Promodis; Prodealcenter; Agriconomie; Agricolors; Code Agri,1,3,"En 2025, o√π acheter du mat√©riel agricole en France ?",perplexity,Perplexity Sonar Pro,sonar-pro,NO,"En 2025, il est possible d‚Äôacheter du mat√©riel agricole en France par plusieurs canaux, malgr√© un contexte de march√© en recul :

**1. Concessions et distributeurs sp√©cialis√©s**  
Les concessions restent le principal r√©seau de distribution du mat√©riel agricole neuf et d‚Äôoccasion. M√™me si les commandes sont en baisse (environ -10 % pr√©vues d√©but 2025), tous types de mat√©riels (tracteurs, automoteurs, √©quipements d‚Äô√©levage, etc.) continuent d‚Äô√™tre propos√©s par ces distributeurs partout en France[1][3].

**2. Ventes aux ench√®res**  
Les ventes aux ench√®res connaissent un regain d‚Äôactivit√© en 2025. Par exemple, Ritchie Bros. a organis√© une grande vente en d√©but d‚Äôann√©e, attirant plus de 4 000 ench√©risseurs pour 1 300 mat√©riels agricoles, ce qui t√©moigne d‚Äôune forte demande sur ce canal pour du mat√©riel d‚Äôoccasion ou reconditionn√©[5].

**3. Fabricants et fournisseurs directs**  
Il est √©galement possible d‚Äôacheter directement aupr√®s de fabricants fran√ßais ou europ√©ens. Des plateformes recensent et pr√©sentent plusieurs fabricants actifs dans l‚ÄôHexagone en 2025[4].

**4. Plateformes et sites sp√©cialis√©s**  
Des plateformes en ligne sp√©cialis√©es (non cit√©es dans les r√©sultats, mais couramment utilis√©es comme Agriaffaires, Terre-net Occasions, etc.) continuent de proposer un large choix de mat√©riel neuf et d‚Äôoccasion partout en France.

**5. Acc√®s facilit√© par les aides publiques**  
Le programme France Relance continue en 2025 √† soutenir l‚Äôinvestissement dans le mat√©riel agricole via des subventions (prises en charge jusqu‚Äô√† 40 %). Les demandes se font via FranceAgriMer, avec une proc√©dure en ligne simple sur pr√©sentation de devis[2]. Cette aide est valable pour le mat√©riel innovant, neuf ou parfois d‚Äôoccasion.

> ¬´ Plusieurs enveloppes ont d√©j√† permis aux agriculteurs de b√©n√©ficier de prises en charges allant jusqu'√† 40 %. Depuis le 3 janvier 2024, plusieurs nouvelles enveloppes ont √©t√© ouvertes par FranceAgriMer afin de soutenir l'investissement dans les solutions innovantes des exploitations agricoles. ¬ª[2]

**R√©sum√© des canaux d‚Äôachat en 2025 :**
- Concessions/distributeurs partout en France
- Ventes aux ench√®res (ex : Ritchie Bros.)
- Achat direct aupr√®s de fabricants
- Plateformes sp√©cialis√©es en ligne
- Avec la possibilit√© de b√©n√©ficier d‚Äôaides publiques pour r√©duire le co√ªt d‚Äôachat

Le choix d√©pendra de vos besoins (neuf ou occasion, type de mat√©riel, budget) et de votre capacit√© √† mobiliser les aides disponibles.",,Ritchie Bros.(other); Agriaffaires(other); Terre-net Occasions(other); FranceAgriMer(other),,,4
Agryco,https://www.agryco.com/,France & BeNeLux ag-inputs,üá´üá∑ FR,Promodis; Prodealcenter; Agriconomie; Agricolors; Code Agri,1,4,Meilleur choix pour acheter du mat√©riel agricole en France en 2025 ?,openai,GPT-4o,gpt-4o,NO,"En 2025, pour acheter du mat√©riel agricole en France, voici quelques options √† consid√©rer :

1. **Concessionnaires locaux** : Les concessionnaires offrent souvent un service personnalis√© et un support apr√®s-vente. 

2. **Sites en ligne sp√©cialis√©s** : Des plateformes comme Agriaffaires ou Terre-net peuvent proposer un large √©ventail de mat√©riel neuf et d'occasion.

3. **Salons agricoles** : Participer √† des √©v√©nements comme le Salon International de l'Agriculture peut vous permettre de comparer plusieurs √©quipements et de parler directement avec les fabricants.

4. **Coop√©ratives agricoles** : Certaines coop√©ratives proposent des achats group√©s, ce qui peut r√©duire les co√ªts.

5. **Mat√©riel d'occasion** : Consid√©rez l'achat d'occasion pour des √©conomies, en v√©rifiant bien l'√©tat et l'historique de maintenance du mat√©riel.

V√©rifiez √©galement les avis et recommandations d'autres agriculteurs pour vous assurer de faire un bon choix.",,Agriaffaires(other); Terre-net(other),,,2
Agryco,https://www.agryco.com/,France & BeNeLux ag-inputs,üá´üá∑ FR,Promodis; Prodealcenter; Agriconomie; Agricolors; Code Agri,1,4,Meilleur choix pour acheter du mat√©riel agricole en France en 2025 ?,anthropic,Claude 3.7 Sonnet,claude-3-7-sonnet-20250219,NO,"Pour vous aider √† identifier le meilleur choix pour acheter du mat√©riel agricole en France en 2025, je vais rechercher les informations les plus r√©centes sur ce sujet.
[Searching for: meilleurs distributeurs mat√©riel agricole France 2025 comparatif]
Je vais maintenant rechercher des informations plus sp√©cifiques sur les principaux acteurs du march√© et les tendances actuelles.
[Searching for: classement distributeurs mat√©riel agricole France 2025 comparatif prix service]
Recherchons maintenant des informations sp√©cifiques sur les services apr√®s-vente et les garanties propos√©es par les distributeurs.
[Searching for: meilleurs distributeurs mat√©riel agricole France 2025 service apr√®s-vente garantie]
Sur la base des informations recueillies, je vais maintenant vous pr√©senter une analyse compl√®te des meilleurs choix pour acheter du mat√©riel agricole en France en 2025.

# Meilleur choix pour acheter du mat√©riel agricole en France en 2025

## Les principaux acteurs du march√©

### Grands r√©seaux de distribution

Promodis se positionne comme un leader europ√©en de la distribution de mat√©riels, de pi√®ces et de services agricoles, avec un r√©seau impressionnant de 400 points de vente √† travers la France. Cette couverture nationale permet aux agriculteurs d'acc√©der facilement √† leurs produits et services.

Depuis 1984, Promodis s'est engag√© √† d√©velopper des solutions innovantes visant √† am√©liorer l'efficacit√©, la productivit√© et la durabilit√© de l'agriculture. Leur engagement ""Pas d'Avenir Sans Agriculteur"" se traduit par une volont√© constante de proposer des solutions innovantes pour soutenir les agriculteurs dans leurs activit√©s et garantir un avenir durable pour l'agriculture.

Agrizone est un autre acteur majeur qui s'engage √† proposer une tr√®s large gamme de pi√®ces agricoles en ligne et de mat√©riel agricole au meilleur prix. Leur site offre les frais de port sur des milliers d'articles ainsi que des facilit√©s de paiement en 3 et 4 fois. Ils encouragent les clients √† comparer leur offre avec d'autres distributeurs sp√©cialis√©s dans les pi√®ces d√©tach√©es agricoles, confiants dans leur capacit√© √† aider les agriculteurs √† r√©aliser des √©conomies tout en les accompagnant au mieux lors de leur d√©marche d'achat.

### Fabricants et marques populaires

La fabrication de mat√©riel agricole et forestier en France est domin√©e par des filiales de groupes √©trangers, aux premiers rangs desquels les fabricants de tracteurs comme l'Am√©ricain Deere & Company, l'Italien CNH Industrial, le Suisse Bucher Industries (via le Fran√ßais Kuhn), l'Am√©ricain Agco ou encore l'Allemand Claas.

Dans le classement annuel du syndicat des constructeurs Axema pour 2024, John Deere reste en t√™te. Derri√®re, Fendt a d√©pass√© New Holland, et Massey Ferguson a doubl√© Claas.

John Deere domine clairement le march√© fran√ßais, avec environ une machine sur quatre vendue en France dans la cat√©gorie des tracteurs standards et sp√©cialis√©s de plus de 50 ch.

Pour l'ann√©e 2022, John Deere √©crasait ses concurrents dans la course √† la t√™te du classement des ventes de tracteurs agricoles avec 22,9% de parts de march√©, une tr√®s nette progression (+2,4 points par rapport √† 2021) que le constructeur expliquait par le succ√®s de ses s√©ries 6R et 6M, en plein c≈ìur du march√© fran√ßais.

## Tendances du march√© en 2025

Selon le Sedima (Syndicat national des entreprises de service et distribution du machinisme agricole), la baisse des commandes devrait se poursuivre au premier semestre ",,Promodis(competitor); Agrizone(other); John Deere(other); Fendt(other); New Holland(other); Massey Ferguson(other); Claas(other); Deere & Company(other); CNH Industrial(other); Bucher Industries(other); Agco(other),,1,10
Agryco,https://www.agryco.com/,France & BeNeLux ag-inputs,üá´üá∑ FR,Promodis; Prodealcenter; Agriconomie; Agricolors; Code Agri,1,4,Meilleur choix pour acheter du mat√©riel agricole en France en 2025 ?,google,Gemini 2.0 Flash,gemini-2.0-flash,NO,"Il est difficile de d√©terminer le ""meilleur"" choix pour l'achat de mat√©riel agricole en France en 2025, car cela d√©pend de vos besoins sp√©cifiques, de votre budget et de vos pr√©f√©rences personnelles. Cependant, voici quelques √©l√©ments √† consid√©rer pour faire un choix √©clair√© :

**Marques populaires et r√©put√©es en France :**

*   **John Deere:** Appr√©ci√© pour sa polyvalence, son confort et ses technologies embarqu√©es. John Deere est pr√©sent dans de nombreux d√©partements fran√ßais.
*   **New Holland:** Reconnu pour sa robustesse et son bon rapport qualit√©/prix.
*   **Massey Ferguson:** Une marque mondiale avec une pr√©sence significative en France.
*   **Fendt:** Une autre marque d'AGCO, r√©put√©e pour sa technologie et sa performance.
*   **Claas:** Connue pour ses moissonneuses-batteuses et sa gamme compl√®te de machines agricoles.

**Concessionnaires et Distributeurs :**

Plusieurs concessionnaires et distributeurs proposent du mat√©riel agricole en France. Voici quelques exemples :

*   **Emil Frey France:** Consolide sa position dans le machinisme agricole et reprend les concessions agricoles du groupe Douillet, concessionnaire New Holland et Case IH.
*   **BPM Agri:** Distributeur officiel John Deere.
*   **Le groupe Gabagri:** Est concessionnaire Case IH et distribue √©galement du mat√©riel de motoculture.
*   **Pagot Caput :** Concessionnaire CLAAS.

**Facteurs √† consid√©rer lors de l'achat :**

*   **Vos besoins sp√©cifiques:** D√©terminez le type de mat√©riel dont vous avez besoin en fonction de votre exploitation agricole (tracteur, moissonneuse-batteuse, outils de travail du sol, etc.).
*   **Votre budget:** Les prix du mat√©riel agricole peuvent varier consid√©rablement. D√©finissez un budget r√©aliste avant de commencer votre recherche.
*   **La fiabilit√© et la durabilit√©:** Optez pour des marques et des mod√®les r√©put√©s pour leur fiabilit√© et leur durabilit√©.
*   **Le service apr√®s-vente:** Assurez-vous que le concessionnaire ou le distributeur offre un bon service apr√®s-vente, y compris la disponibilit√© des pi√®ces de rechange et l'entretien.
*   **Les t√©moignages d'utilisateurs:** Consultez les avis et les t√©moignages d'autres agriculteurs pour vous faire une id√©e de la qualit√© et de la performance du mat√©riel.

**Tendances du march√© :**

*   Le march√© fran√ßais des √©quipements agricoles est en croissance.
*   Les exploitations agricoles ont tendance √† se moderniser et √† adopter des solutions innovantes.
*   Les tracteurs, les moissonneuses et les outils de travail du sol repr√©sentent une part importante des ventes d'√©quipements agricoles.

Il est important de noter que le march√© du machinisme agricole est en crise et que les perspectives pour 2025 sont moroses. Il est donc conseill√© de bien se renseigner avant de faire un achat important.
",,John Deere(other); New Holland(other); Massey Ferguson(other); Fendt(other); Claas(other); Emil Frey France(other); BPM Agri(other); Le groupe Gabagri(other); Pagot Caput(other),,,9
Agryco,https://www.agryco.com/,France & BeNeLux ag-inputs,üá´üá∑ FR,Promodis; Prodealcenter; Agriconomie; Agricolors; Code Agri,1,4,Meilleur choix pour acheter du mat√©riel agricole en France en 2025 ?,mistral,Mistral Medium 2025,mistral-medium-2505,ERROR,,"Input validation failed: [
  {
    ""code"": ""invalid_type"",
    ""expected"": ""object"",
    ""received"": ""undefined"",
    ""path"": [
      ""tools"",
      0,
      ""function""
    ],
    ""message"": ""Required""
  }
]",,,,
Agryco,https://www.agryco.com/,France & BeNeLux ag-inputs,üá´üá∑ FR,Promodis; Prodealcenter; Agriconomie; Agricolors; Code Agri,1,4,Meilleur choix pour acheter du mat√©riel agricole en France en 2025 ?,perplexity,Perplexity Sonar Pro,sonar-pro,NO,"Le **meilleur choix pour acheter du mat√©riel agricole en France en 2025** d√©pend de vos besoins sp√©cifiques (tracteurs, pi√®ces d√©tach√©es, cl√¥tures, semences, etc.), mais voici les options les plus pertinentes et reconnues cette ann√©e‚ÄØ:

**1. Pour l'achat de tracteurs r√©cents ou haut de gamme :**
- **Marques phares 2025 :** John Deere, New Holland, Massey Ferguson, Case IH et Fendt sont les r√©f√©rences pour leur fiabilit√©, leurs innovations technologiques et leur efficacit√©[2][4].
- **Mod√®les prim√©s 2025 :**
  - **Forte puissance :** Case IH Quadtrac 715
  - **Puissance moyenne (150-300 ch) :** Fendt 620 Vario
  - **Tracteurs utilitaires :** John Deere 6120M AutoPowr, Kubota M7060 ‚Äî appr√©ci√©s pour leur polyvalence et leurs technologies avanc√©es[2][4].
  - **Durabilit√© :** New Holland T6.180 Methane Power, Fendt e100 Vario ‚Äî pour une agriculture respectueuse de l‚Äôenvironnement[2].

**2. Pour l'achat de pi√®ces d√©tach√©es et accessoires agricoles :**
- **Agrizone** propose un catalogue tr√®s large (plus de 750 000 r√©f√©rences) couvrant toutes les grandes marques (John Deere, Fendt, Massey Ferguson, New Holland, Case IH‚Ä¶) et assure la livraison rapide partout en France[3].
- Vous trouverez aussi des pi√®ces pour machines sp√©cifiques et des accessoires adapt√©s √† tous les besoins agricoles (filtres, outils, pi√®ces techniques, etc.)[3].

**3. Pour les fournitures sp√©cialis√©es et √©quipements divers :**
- **Agrifournitures.fr** est recommand√© pour :
  - **Fils d‚Äôacier galvanis√©** (cl√¥tures, palissage)
  - **Grillages agricoles**
  - **Semences certifi√©es** (bio, conventionnelles, fourrag√®res)
  - S√©lection rigoureuse aupr√®s de fabricants fran√ßais et europ√©ens, avec garantie de qualit√© professionnelle[1].

**Conseils d'achat 2025 :**
- Privil√©giez les distributeurs sp√©cialis√©s en ligne pour comparer facilement les prix, les stocks et b√©n√©ficier de la livraison √† domicile (Agrizone, Agrifournitures.fr).
- Pour les tracteurs, basez votre choix sur l‚Äôinnovation, la puissance adapt√©e √† votre exploitation et la disponibilit√© du service apr√®s-vente[2][4].
- Pour les achats importants (tracteurs, machines), consulter les laur√©ats des salons professionnels (Eima, Sima) permet de rep√©rer les mod√®les les plus innovants et performants de l‚Äôann√©e[4].

**R√©sum√© des sites √† privil√©gier en 2025 :**
| Besoin principal             | Plateforme recommand√©e         | Points forts                                     |
|------------------------------|-------------------------------|--------------------------------------------------|
| Tracteurs/machines neuves    | Concessionnaires, Truck1.fr   | Marques leader, innovations, mod√®les r√©cents     |
| Pi√®ces d√©tach√©es/accessoires | Agrizone.net                  | Large stock, livraison rapide, marques vari√©es   |
| Fournitures agricoles        | Agrifournitures.fr            | Sp√©cialiste cl√¥tures, semences, mat√©riel pro     |

En fonction de votre mat√©riel recherch√©, ces plateformes et marques constituent le meilleur choix pour acheter du mat√©riel agricole en France en 2025[1][2][3][4].",,John Deere(other); New Holland(other); Massey Ferguson(other); Case IH(other); Fendt(other); Kubota(other); Agrizone(other); Agrifournitures.fr(other); Truck1.fr(other),,,9
Agryco,https://www.agryco.com/,France & BeNeLux ag-inputs,üá´üá∑ FR,Promodis; Prodealcenter; Agriconomie; Agricolors; Code Agri,1,5,Je cherche √† acheter du mat√©riel agricole en France en 2025 ; quelle est la meilleure plateforme pour le faire ?,openai,GPT-4o,gpt-4o,NO,"Pour l'achat de mat√©riel agricole en France en 2025, plusieurs plateformes en ligne se distinguent par leur fiabilit√© et la diversit√© de leurs offres. Voici quelques-unes des meilleures options disponibles :



**Agriaffaires**  
Fond√©e en 2000 par trois agriculteurs fran√ßais, Agriaffaires est une plateforme leader dans la vente de mat√©riel agricole neuf et d'occasion. Avec plus de 300¬†000 annonces actives et 15¬†000 nouvelles publications chaque jour, elle propose une large gamme d'√©quipements, allant des tracteurs aux moissonneuses-batteuses. La plateforme est accessible en 20 langues et attire environ 7 millions de visiteurs mensuels. ([agriaffaires.com](https://www.agriaffaires.com/?utm_source=openai))




**Mascus France**  
Mascus est une plateforme internationale sp√©cialis√©e dans la vente de mat√©riel agricole d'occasion. Elle offre une vari√©t√© impressionnante d'√©quipements, des tracteurs aux moissonneuses-batteuses, r√©pondant aux besoins des agriculteurs modernes. La plateforme facilite les transactions entre acheteurs et vendeurs, garantissant des √©changes s√©curis√©s et efficaces. ([mascus.fr](https://www.mascus.fr/main-category/landwirtschaft?utm_source=openai))




**Farmitoo**  
Farmitoo est un magasin agricole en ligne qui propose un vaste catalogue d'agro√©quipements de petite et moyenne taille √† des prix comp√©titifs. Avec plus de 150¬†000 produits disponibles parmi 1¬†500 marques, Farmitoo se positionne comme une alternative en ligne au commerce agricole physique, offrant aux agriculteurs un large choix et une livraison directe √† leur exploitation. ([blog.miimosa.com](https://blog.miimosa.com/achat-son-materiel-agricole/?utm_source=openai))




**Agronetto France**  
Agronetto est une plateforme de vente en ligne sp√©cialis√©e dans le mat√©riel et l'√©quipement agricoles, les pi√®ces d√©tach√©es et les produits agricoles. Avec 23 ans d'exp√©rience sur le march√© et une base de 6¬†600 clients, Agronetto offre une interface conviviale pour l'achat et la vente de mat√©riel agricole. ([agronetto.fr](https://agronetto.fr/?utm_source=openai))


Ces plateformes offrent une large gamme de mat√©riels agricoles, neufs et d'occasion, ainsi que des services compl√©mentaires tels que la location, les ench√®res en ligne et des outils d'aide √† la d√©cision. Il est recommand√© de comparer les offres, de v√©rifier les avis des utilisateurs et de contacter directement les vendeurs pour obtenir des informations d√©taill√©es sur les √©quipements qui vous int√©ressent. ",,Agriaffaires(other); Mascus France(other); Farmitoo(other); Agronetto France(other),,,4
Agryco,https://www.agryco.com/,France & BeNeLux ag-inputs,üá´üá∑ FR,Promodis; Prodealcenter; Agriconomie; Agricolors; Code Agri,1,5,Je cherche √† acheter du mat√©riel agricole en France en 2025 ; quelle est la meilleure plateforme pour le faire ?,anthropic,Claude 3.7 Sonnet,claude-3-7-sonnet-20250219,NO,"Je vais rechercher des informations sur les meilleures plateformes pour acheter du mat√©riel agricole en France en 2025.
[Searching for: meilleures plateformes achat mat√©riel agricole France 2025]
Bas√© sur les r√©sultats de recherche, voici les meilleures plateformes pour acheter du mat√©riel agricole en France en 2025 :

## Principales plateformes pour l'achat de mat√©riel agricole en France

### Plateformes sp√©cialis√©es dans le mat√©riel agricole d'occasion

1. **Agriaffaires**
Il s'agit d'une plateforme importante pour l'achat de mat√©riel agricole, proposant des √©quipements comme des tracteurs, moissonneuses-batteuses et autres mat√©riels de nombreuses marques incluant John Deere, New Holland, Claas et Massey Ferguson.

2. **Europe-Agri**
Ce site est √©dit√© par le groupe Via Mobilis, expert des annonces de v√©hicules et mat√©riels industriels sur internet. Europe-Agri propose pr√®s de 250 000 annonces de mat√©riels d'occasion : tracteurs, chariots, √©quipements de stockage et autres mat√©riels professionnels aux meilleurs prix. La plateforme offre des filtres de recherche efficaces permettant d'identifier facilement les mat√©riels des marques pr√©f√©r√©es parmi des milliers d'annonces. Il est possible de filtrer les offres par prix, marque, ann√©e, nombre de roues motrices et autres crit√®res.

3. **Tracteurpool.fr**
Cette plateforme est consid√©r√©e comme la nouvelle r√©f√©rence europ√©enne en mat√©riels agricoles d'occasion, comportant plus de 60 000 annonces de tracteurs et autres mat√©riels agricoles.

4. **Terre-net Occasions**
Cette plateforme permet d'acheter et vendre gratuitement du mat√©riel agricole d'occasion, notamment des tracteurs agricoles, moissonneuses-batteuses et mini pelles.

5. **LeBonCoin**
Le site propose une section d√©di√©e au mat√©riel agricole d'occasion avec des annonces provenant de particuliers et de professionnels.

### Plateformes proposant du mat√©riel neuf et d'occasion

1. **Farmitoo**
Farmitoo propose une large gamme de mat√©riels agricoles neufs et d'occasion, ainsi que des solutions de financement adapt√©es √† la situation de l'acheteur. La plateforme reconna√Æt que l'investissement dans le bon √©quipement est essentiel pour la rentabilit√© d'une exploitation et offre un calculateur pour aider √† √©valuer les co√ªts r√©els et √† comparer les options de financement.

### Tendances du march√© en 2025

En 2025, le march√© du mat√©riel agricole d'occasion s'est √©tabli comme une alternative solide et pragmatique face aux d√©fis modernes. Il offre une gamme diversifi√©e d'√©quipements de qualit√© qui r√©pond aux attentes √©conomiques et √©cologiques des agriculteurs en France. Les innovations technologiques, associ√©es √† des pratiques durables, promettent un avenir radieux pour ce secteur.

Les plateformes d'annonces en ligne ont r√©volutionn√© l'acc√®s au march√© d'occasion. En quelques clics, il est possible de comparer les offres, √©valuer les annonces et obtenir un aper√ßu d√©taill√© du mat√©riel propos√©. Cette facilit√© d'acc√®s, co",,Agriaffaires(other); Europe-Agri(other); Tracteurpool.fr(other); Terre-net Occasions(other); LeBonCoin(other); Farmitoo(other),,,6
Agryco,https://www.agryco.com/,France & BeNeLux ag-inputs,üá´üá∑ FR,Promodis; Prodealcenter; Agriconomie; Agricolors; Code Agri,1,5,Je cherche √† acheter du mat√©riel agricole en France en 2025 ; quelle est la meilleure plateforme pour le faire ?,google,Gemini 2.0 Flash,gemini-2.0-flash,NO,"Plusieurs plateformes sont disponibles en France en 2025 pour l'achat de mat√©riel agricole, chacune ayant ses propres avantages :

*   **Agriaffaire** Cette plateforme est consid√©r√©e comme essentielle pour le mat√©riel agricole neuf et d'occasion. Elle propose plus de 300 000 annonces actives, avec 15 000 nouvelles publications chaque jour, et attire environ 7 millions de visiteurs par mois. Agriaffaire est accessible en 20 langues et est optimis√©e pour les appareils mobiles et les tablettes. Elle offre une grande diversit√© avec 250 rubriques sp√©cialis√©es et 3 500 professionnels inscrits.
*   **Ritchie Bros.** Cette plateforme est id√©ale pour l'achat de mat√©riel agricole d'occasion aux ench√®res. Elle propose un large choix de tracteurs, moissonneuses-batteuses, remorques agricoles et semoirs. Les ench√®res peuvent √™tre suivies en ligne via leur site internet ou application mobile.
*   **Farmi** C'est une plateforme agricole en ligne o√π vous pouvez trouver divers produits et services agricoles, y compris des semences et des √©quipements. Elle vise √† simplifier le quotidien des agriculteurs en centralisant les outils essentiels pour la gestion des exploitations et le suivi des cultures.

Il est important de comparer les offres, les prix et les conditions de vente de chaque plateforme avant de prendre une d√©cision.",,Agriaffaire(other); Ritchie Bros.(other); Farmi(other),,,3
Agryco,https://www.agryco.com/,France & BeNeLux ag-inputs,üá´üá∑ FR,Promodis; Prodealcenter; Agriconomie; Agricolors; Code Agri,1,5,Je cherche √† acheter du mat√©riel agricole en France en 2025 ; quelle est la meilleure plateforme pour le faire ?,mistral,Mistral Medium 2025,mistral-medium-2505,ERROR,,"Input validation failed: [
  {
    ""code"": ""invalid_type"",
    ""expected"": ""object"",
    ""received"": ""undefined"",
    ""path"": [
      ""tools"",
      0,
      ""function""
    ],
    ""message"": ""Required""
  }
]",,,,
Agryco,https://www.agryco.com/,France & BeNeLux ag-inputs,üá´üá∑ FR,Promodis; Prodealcenter; Agriconomie; Agricolors; Code Agri,1,5,Je cherche √† acheter du mat√©riel agricole en France en 2025 ; quelle est la meilleure plateforme pour le faire ?,perplexity,Perplexity Sonar Pro,sonar-pro,NO,"Pour acheter du **mat√©riel agricole en France en 2025**, la meilleure plateforme sp√©cialis√©e est **Agriaffaire**.

Voici pourquoi Agriaffaire se distingue :

- **Sp√©cialisation et couverture** : Agriaffaire est consacr√©e exclusivement au mat√©riel agricole, neuf et d‚Äôoccasion. Elle propose plus de **300 000 annonces actives** couvrant toutes les cat√©gories de mat√©riel‚ÄØ: tracteurs, moissonneuses-batteuses, pi√®ces d√©tach√©es, motoculteurs, etc.[2]
- **Outils d‚Äôaide √† la d√©cision** : La plateforme dispose d‚Äôun **observatoire des prix** bas√© sur les transactions r√©elles, permettant de comparer et d‚Äôanalyser les tendances du march√© pour chaque type de mat√©riel. Un comparateur int√©gr√© offre la possibilit√© de mettre en parall√®le les mod√®les selon leurs caract√©ristiques et prix[1][2].
- **Recherche et interface** : Gr√¢ce √† des **filtres avanc√©s** (marque, mod√®le, prix, etc.) et une classification pr√©cise, la recherche de mat√©riel adapt√© √† vos besoins est rapide et efficace[2].
- **Transparence et fiabilit√©** : L‚Äôacc√®s √† un **annuaire de 3 500 fournisseurs** fiables, ainsi qu‚Äôun espace d√©di√© pour la gestion des annonces et des transactions, garantit un environnement s√©curis√© pour les acheteurs et les vendeurs[2].
- **Services additionnels** : Possibilit√© de param√©trer des alertes personnalis√©es, options de location (environ 300 r√©f√©rences), et gestion simplifi√©e des d√©marches administratives et de la transaction[1][2].
- **Accessibilit√©** : Plateforme disponible en 20 langues, avec inscription gratuite et options premium pour des fonctionnalit√©s avanc√©es[1][2].

D‚Äôautres plateformes existent mais sont moins sp√©cialis√©es ou orient√©es vers le financement participatif (Hectarea, par exemple, permet d‚Äôinvestir dans des projets agricoles, mais n‚Äôest pas une marketplace de mat√©riel[3]).

**En r√©sum√© :**  
Pour l‚Äôachat de mat√©riel agricole en France en 2025, **Agriaffaire** est consid√©r√©e comme la plateforme la plus compl√®te, efficace et reconnue par les professionnels du secteur[1][2][4].",,Agriaffaire(other); Hectarea(other),,,2
